UnderWriterID,FirstName,LastName,ContactNumber,Email
1741,Henry,Bosco,+91 09005 93454,Henry.Bosco@gmail.com
3118,Chester,Veum,+91 42059 69740,Chester.Veum@gmail.com
3882,Alberta,Hahn,+91 98166 65866,Alberta.Hahn@gmail.com
3928,Melinda,Flatley,+91 45651 72588,Melinda.Flatley@gmail.com
4621,Doris,Reinger,+91 28518 37214,Doris.Reinger@gmail.com
5131,Irving,Wunsch,+91 49355 54036,Irving.Wunsch@gmail.com
5419,Lucy,Hansen,+91 67616 86246,Lucy.Hansen@gmail.com
6840,Charlotte,Mertz,+91 76619 53782,Charlotte.Mertz@gmail.com
7939,Simon,Schiller,+91 10137 51604,Simon.Schiller@gmail.com
8589,Kristy,Denesik,+91 62257 32308,Kristy.Denesik@gmail.com
